,,,
Edward,Rasmussen,Ap #156-2205 Pharetra. St.,1976-01-28
Ann,Strickland,Ap #685-6527 Tempor Avenue,1994-05-15
Florence,Orr,5559 Sit Ave,1987-12-22
Camden,Gay,838-752 Ante Rd.,1975-07-07
Zoe,Dean,Ap #396-8499 Rutrum St.,1991-04-04
Lillith,Skinner,7938 Vestibulum Av.,1986-07-22
Erica,Sherman,727-6469 Nisi. Avenue,1982-04-30
Grady,Grimes,Ap #951-986 Bibendum Avenue,1982-01-29
Charde,Gallagher,225-8297 Massa. Street,1969-12-25
Jack,Munoz,107-2184 Gravida Street,1985-05-27
Ashely,Valentine,3796 Consectetuer Road,1990-10-16
Forrest,Donovan,Ap #492-5874 Fusce Avenue,1985-08-25
Kasper,Webster,P.O. Box 865 5243 Molestie Rd.,1968-01-18
Hayden,Chen,Ap #383-3804 Sed St.,1981-05-25
Uma,Matthews,Ap #367-1414 Nullam St.,1974-11-03
Aidan,Bean,618-3191 Ultrices Road,1964-10-11
Tiger,Alston,4304 Morbi Road,1961-01-05
Alma,Brooks,500-2238 Pellentesque Rd.,1965-10-25
Noble,Berg,1108 Sed St.,1969-07-11
Jasmine,Bullock,P.O. Box 781 8202 Metus Ave,1968-04-24
Phoebe,Brewer,124-3501 Nam Street,1979-12-20
Eugenia,Huffman,474-168 Nec Ave,1972-05-19
Amos,Tyler,Ap #564-7986 Tellus Street,1985-02-17
Nigel,Kinney,Ap #677-9378 Curabitur St.,1980-11-15
Sonia,Hawkins,887-9519 Ipsum. Rd.,1988-10-10
Timon,Torres,645-9490 Sit St.,1973-10-26
Shea,Atkinson,4128 Euismod Avenue,1992-07-31
Carter,Mack,482-8631 Ac Avenue,1991-01-15
Indira,Barrett,9028 Lorem Road,1993-12-02
Briar,Leon,378-9039 Lacus. St.,1988-09-26
Rafael,Leach,200-4102 Sociosqu Road,1964-08-19
Imogene,Alston,P.O. Box 902 7627 Libero Av.,1969-02-21
Caesar,Carver,Ap #305-5124 Nulla St.,1976-08-10
Willa,Cameron,Ap #828-908 Eget St.,1990-06-09
Caldwell,Burke,Ap #321-3110 Feugiat. Avenue,1964-01-20
Brendan,Grant,141-3922 Semper Rd.,1964-05-29
Kimberley,Walsh,P.O. Box 398 7001 Ut Ave,1962-08-14
Miranda,Manning,Ap #652-7151 Pede Rd.,1992-01-09
Gray,Hines,Ap #800-4382 Elit Rd.,1975-07-13
Charles,Avery,500-8567 Pede Street,1988-12-12
Phelan,Kelley,449-9948 Nisl Street,1981-02-17
Kasper,Perry,906-8288 Neque St.,1988-10-20
Yetta,Knox,3400 Nulla Road,1975-12-31
Shea,Jensen,Ap #222-305 Dictum. Street,1992-08-23
Xavier,Lang,961-746 Magna Av.,1961-11-21
Lani,Harding,1814 Porttitor Rd.,1963-12-21
Denton,Britt,4372 Interdum. St.,1981-07-22
Mercedes,Jacobson,6281 Luctus Rd.,1974-06-20
Audrey,Valentine,P.O. Box 936 7110 Enim. Ave,1973-07-23
Lamar,Hartman,637-4190 Nibh Av.,1968-04-25
Palmer,Bauer,P.O. Box 316 7519 Vestibulum Rd.,1973-09-16
Moana,Harvey,P.O. Box 234 8831 Dis St.,1963-04-08
Melodie,Webb,4207 Ultrices Ave,1974-01-28
Jessamine,Vang,765-7233 Lacinia St.,1981-10-19
Francesca,Boyle,3749 Ipsum. Ave,1990-12-04
Odette,Johns,P.O. Box 342 3661 Dictum Avenue,1978-05-06
Thomas,Hamilton,178-182 Bibendum St.,1987-04-21
Quincy,Sears,814-5310 Suspendisse St.,1992-04-18
Joshua,Fernandez,Ap #421-5406 Per St.,1967-07-22
Giacomo,Collins,Ap #547-483 Semper St.,1982-08-24
Tara,Richards,P.O. Box 839 8588 Augue Av.,1983-08-28
Hiroko,Turner,Ap #767-3627 Et St.,1969-06-17
Amery,Lindsay,1568 Adipiscing Rd.,1984-08-31
Price,Hoffman,6981 Ultrices Street,1988-06-04
Clare,Snyder,2636 Iaculis Ave,1968-02-29
Jarrod,Flores,P.O. Box 923 291 Orci. Rd.,1964-03-10
Alexa,Robertson,Ap #594-8110 Phasellus Ave,1963-01-16
Anne,Holder,Ap #203-3111 Risus. Av.,1981-12-19
Baker,Herman,Ap #949-1523 Non Av.,1974-11-19
Farrah,Shepherd,P.O. Box 511 3990 Lacus. Av.,1962-07-05
Deanna,Guy,P.O. Box 645 488 Cras Street,1965-03-26
Mira,Cash,Ap #281-6117 Et Ave,1972-02-16
Cassady,Fry,Ap #998-472 Neque Street,1991-09-16
Gary,Walton,5857 Dictum Rd.,1986-10-01
Ira,Valenzuela,P.O. Box 470 2508 Quam Av.,1984-10-02
Isadora,Marshall,P.O. Box 104 3382 Netus Rd.,1980-04-27
Xerxes,Mcfarland,8502 Vulputate Rd.,1974-10-30
Jordan,Anthony,P.O. Box 928 4379 Pretium Rd.,1982-12-31
Dane,Mays,P.O. Box 217 8589 Sed Av.,1971-08-05
Shaine,Foley,Ap #850-9396 Quam St.,1973-09-15
Cullen,Blackburn,P.O. Box 583 987 Vivamus Rd.,1978-02-04
Maggie,Forbes,563-6134 Cras St.,1972-11-04
Hakeem,Holman,P.O. Box 330 4334 A Rd.,1979-03-12
Alfonso,Harding,Ap #598-9656 Tincidunt Av.,1981-05-07
Illiana,Harmon,863-2163 Semper Rd.,1974-02-15
Kai,Hardin,Ap #312-2615 Justo St.,1970-03-03
Abbot,Ratliff,P.O. Box 914 9833 Convallis Road,1971-05-07
Ciaran,Chan,Ap #726-1145 Suspendisse Street,1965-09-27
Dakota,Downs,Ap #977-3163 Magna Rd.,1981-03-16
Bert,Schneider,P.O. Box 834 7468 Penatibus Rd.,1969-06-23
Tanya,Beach,8633 Libero Avenue,1986-03-26
Dominic,Wyatt,P.O. Box 935 6665 Facilisis Street,1975-07-14
Ila,Jensen,Ap #649-6041 Felis Rd.,1978-04-05
Gretchen,Dotson,459-2007 Ligula Ave,1984-08-16
Wing,Mcmillan,Ap #155-7046 Ut Ave,1962-11-24
Heidi,Spencer,3377 Mauris Rd.,1991-06-07
Ulla,Baxter,761-9410 Class Rd.,1986-03-29
Abra,Hopper,8013 Sed Rd.,1994-03-26
Chandler,Joseph,Ap #197-1954 Leo Rd.,1983-10-16
Moses,Sanchez,Ap #177-6150 Aliquam Ave,1968-02-13
Audrey,Rasmussen,Ap #568-6705 Enim Road,1984-08-30
Dean,York,P.O. Box 860 7438 Vitae St.,1967-07-16
Logan,Mullen,P.O. Box 720 3708 Ante Av.,1965-08-14
Rogan,Roth,Ap #316-2493 Nec Rd.,1966-09-01
Brennan,Gardner,P.O. Box 389 6099 Egestas. St.,1971-06-18
Paula,Short,6791 Morbi Avenue,1961-09-15
Chase,Shepherd,257-4756 Nascetur Avenue,1960-10-06
Dai,Frederick,P.O. Box 961 1551 Gravida. Rd.,1989-01-19
Macon,Martinez,Ap #742-7171 Scelerisque Av.,1984-07-14
Tallulah,Romero,Ap #891-7682 Semper Rd.,1964-11-05
Kendall,Perkins,Ap #966-6588 Tempor Ave,1991-09-20
Abigail,Campbell,357-8304 Amet Street,1988-01-07
Lani,Dodson,3691 Nec St.,1971-10-18
Angela,Key,881-8063 Cursus. Ave,1976-07-28
Suki,Hendricks,4084 Dignissim Rd.,1991-07-22
Ayanna,Nixon,967-1940 Ut St.,1987-04-07
Jackson,Cook,P.O. Box 286 9811 Dolor Ave,1971-07-07
Abdul,Hayes,359-4474 Sem Road,1981-09-21
Cooper,Nolan,Ap #746-7128 Feugiat St.,1993-11-12
Chester,Newman,165-3328 Proin Street,1962-09-18
Megan,Barlow,P.O. Box 232 8507 Amet St.,1961-10-29
Destiny,Gordon,6246 Feugiat Street,1969-12-08
Maite,Craig,624-3892 Curabitur St.,1975-06-29
Jael,Calhoun,788-2859 Nunc St.,1967-11-22
Lisandra,Brennan,3959 Ac Avenue,1961-12-14
Isabelle,Steele,Ap #900-9454 Pede Rd.,1992-11-30
Kimberley,Casey,9093 Aliquet St.,1962-09-20
Austin,Snyder,P.O. Box 815 7980 Nec Rd.,1991-07-25
Garth,Whitaker,P.O. Box 754 2137 Fringilla. St.,1984-09-09
Leslie,Myers,P.O. Box 851 6119 Arcu. Avenue,1989-03-31
Nash,Mack,P.O. Box 686 3422 Felis Rd.,1965-04-20
Dorothy,Holmes,624-277 Mollis Road,1992-11-15
Kelsey,Hall,942-9849 At Av.,1961-07-01
Lavinia,Newman,239-1623 Nulla St.,1983-10-24
Igor,Wooten,Ap #332-7517 Tellus St.,1962-02-02
Martin,Tyler,395-2854 Interdum Avenue,1968-04-24
Mariko,Tyson,199-641 Amet St.,1990-04-13
Maia,Barton,Ap #307-3860 Elementum St.,1974-02-12
Alika,Hardin,365-5724 Sagittis Rd.,1989-10-11
Ulysses,Mack,461-4960 Eget Rd.,1960-11-08
Rogan,Pollard,Ap #158-6338 Aliquet. Rd.,1978-07-24
Velma,Clarke,P.O. Box 751 7707 Magna Rd.,1975-12-28
Velma,Webster,713-4246 Ipsum Avenue,1964-05-16
Nolan,Willis,Ap #373-2094 Dolor Rd.,1991-06-16
Zeus,Pate,515-2686 Pellentesque Av.,1993-08-31
Austin,Leach,Ap #618-5761 Varius St.,1993-02-07
Uriel,Ford,539-8222 Rhoncus. Av.,1991-04-29
Lev,Cherry,P.O. Box 303 9430 Egestas Street,1983-01-04
Mollie,Leonard,P.O. Box 852 4892 Enim. Ave,1978-02-11
Minerva,Flynn,6404 Lacinia. Ave,1968-03-27
Quentin,Leach,562-6809 Nulla Road,1965-10-06
Eugenia,Richmond,403-3729 Enim St.,1961-11-12
Michael,Joyner,P.O. Box 211 7604 Magna. Rd.,1984-05-27
September,Green,P.O. Box 903 793 Tincidunt Street,1991-05-15
Raymond,Pennington,P.O. Box 927 8923 Orci. Rd.,1974-11-04
Nathaniel,Holland,P.O. Box 761 1374 Eros St.,1973-05-13
Kyra,Bishop,Ap #179-8518 Urna Street,1966-03-25
Odessa,Crosby,Ap #282-8874 Non Rd.,1987-04-22
Lois,Brady,6666 Fermentum Road,1966-02-01
Wang,Beasley,265 Cursus Av.,1985-12-19
Holly,Rasmussen,7857 Dui St.,1960-12-18
Colleen,Hale,883-4986 Malesuada Ave,1968-05-20
Mira,Johnson,Ap #947-8549 Accumsan Street,1981-03-15
Rahim,Thomas,Ap #276-6480 Lorem Rd.,1973-10-18
Cain,Barker,231-3861 Nulla St.,1972-12-13
Lenore,Ayala,265-5811 Sem Av.,1993-08-22
Sonia,Bean,Ap #213-7906 Aliquet Rd.,1970-08-30
Colette,Bernard,8912 Dui. Avenue,1982-08-18
Laurel,Leach,Ap #210-6221 Nisi. Street,1961-10-19
Sara,Massey,P.O. Box 811 3815 Feugiat. St.,1991-09-04
Wyatt,Compton,P.O. Box 651 6124 Integer Rd.,1986-06-25
Lilah,Carlson,821-398 Donec Road,1966-07-28
Georgia,Richards,106-1604 Dapibus Avenue,1969-09-12
Wynter,Cain,Ap #581-170 Fermentum Av.,1993-12-13
Shelly,Garcia,Ap #947-3609 Nullam Av.,1965-03-25
Lars,Macias,Ap #727-5681 Hendrerit St.,1961-01-04
Ann,Kidd,562-3406 Ut Road,1966-06-24
Kristen,Larsen,Ap #330-3233 Neque. Rd.,1992-05-05
Geraldine,Roman,P.O. Box 735 311 Pede. St.,1961-12-23
Malik,Morse,P.O. Box 405 3916 Ligula. St.,1964-10-15
Tatiana,Barker,Ap #588-3677 Quis Avenue,1988-02-15
Rhoda,Becker,Ap #263-8798 Rhoncus. Road,1980-08-20
Dahlia,Holt,P.O. Box 566 7870 Mauris Rd.,1977-08-26
Gavin,David,1902 Ornare Avenue,1972-12-04
Charlotte,Black,5615 Montes Rd.,1963-06-10
Kathleen,Velez,902-1315 Nibh. St.,1964-10-10
Yvette,Dotson,P.O. Box 938 6067 Nisi St.,1977-09-26
Flavia,Koch,257-754 Tellus Av.,1962-07-14
Bertha,Carver,109-8073 Lacus. Street,1966-03-30
Trevor,Wolf,4598 Aliquet Road,1986-03-26
Julian,Cook,P.O. Box 635 3325 Sodales Rd.,1961-06-25
George,Peterson,P.O. Box 791 7840 Diam Avenue,1986-08-22
Tallulah,Benton,P.O. Box 198 8919 Vel Avenue,1967-07-26
Jackson,Howell,895-6231 Luctus Street,1963-09-12
Rhoda,Rosario,4254 Ut Street,1984-03-11
Ursula,Clarke,Ap #763-5140 Lacus. Street,1977-01-09
Jenna,Robles,Ap #407-2212 Donec Street,1977-01-06
Madaline,Knight,7757 Sed Rd.,1991-02-16
Hu,Curtis,9382 Nibh. Street,1970-03-05
Baxter,Tyler,249-2679 Egestas St.,1990-12-17

